Workbook

Sheet Démarcharge SDC 2026
A1: Membre de SDC | B1: Catégorie | C1: Château / Entreprise | D1: Apparaît dans la bible ? | E1: Statut de la demande | F1: Pôle concerné | G1: Prénom | H1: Nom | I1: Région | J1: Mail | K1: Poste | L1: Téléphone | M1: Nombre de bouteilles | N1: Logistique | O1: Suivi des étapes | P1: Contexte de la demande/commentaires | Q1: Région/Appellation | R1: Aspect RSE | S1: Possible de démarcher à nouveau ? | T1: Si oui, quel type ?
B2: catégorie | C2: Domaine Eric Sage | D2: =IF(COUNTIF('LA BIBLE'!C:C,C2)>0,"Oui","Non") -> Non | E2: Non contacté | F2: Pôle concerné
B3: catégorie | C3: Domaine L'Orée du Sabia | D3: =IF(COUNTIF('LA BIBLE'!C:C,C3)>0,"Oui","Non") -> Non | E3: Non contacté | F3: Pôle concerné
B4: catégorie | C4: Vignobles Mercier | D4: =IF(COUNTIF('LA BIBLE'!C:C,C4)>0,"Oui","Non") -> Non | E4: Non contacté | F4: Pôle concerné
B5: catégorie | C5: Domaine Coirier | D5: =IF(COUNTIF('LA BIBLE'!C:C,C5)>0,"Oui","Non") -> Non | E5: Non contacté | F5: Pôle concerné
B6: catégorie | C6: Domaine de la Barbinière | D6: =IF(COUNTIF('LA BIBLE'!C:C,C6)>0,"Oui","Non") -> Non | E6: Non contacté | F6: Pôle concerné
B7: catégorie | C7: Domaine Georges Vernay | D7: =IF(COUNTIF('LA BIBLE'!C:C,C7)>0,"Oui","Non") -> Non | E7: Non contacté | F7: Pôle concerné
B8: catégorie | C8: Domaine Jean-Michel Gerin | D8: =IF(COUNTIF('LA BIBLE'!C:C,C8)>0,"Oui","Non") -> Non | E8: Non contacté | F8: Pôle concerné
B9: catégorie | C9: Domaine Guigal | D9: =IF(COUNTIF('LA BIBLE'!C:C,C9)>0,"Oui","Non") -> Non | E9: Non contacté | F9: Pôle concerné
B10: catégorie | C10: Domaine Pierre Gaillard | D10: =IF(COUNTIF('LA BIBLE'!C:C,C10)>0,"Oui","Non") -> Non | E10: Non contacté | F10: Pôle concerné
B11: catégorie | C11: Domaine Bernard Gripa | D11: =IF(COUNTIF('LA BIBLE'!C:C,C11)>0,"Oui","Non") -> Non | E11: Non contacté | F11: Pôle concerné
B12: catégorie | C12: Domaine Alain Graillot | D12: =IF(COUNTIF('LA BIBLE'!C:C,C12)>0,"Oui","Non") -> Non | E12: Non contacté | F12: Pôle concerné
B13: catégorie | C13: Domaine Alain Voge | D13: =IF(COUNTIF('LA BIBLE'!C:C,C13)>0,"Oui","Non") -> Non | E13: Non contacté | F13: Pôle concerné
... B47: catégorie | C47: Domaine Giudicelli | D47: =IF(COUNTIF('LA BIBLE'!C:C,C47)>0,"Oui","Non") -> Non | E47: Non contacté | F47: Pôle concerné
B48: catégorie | C48: Domaine Devichi
B49: catégorie | C49: Domaine Poli
B50: catégorie | C50: Domaine Yves Leccia
B51: catégorie | C51: Domaine Lazzarini
B52: catégorie | C52: Clos de Bernardi
B53: catégorie | C53: Domaine Montemagni
B54: catégorie | C54: Clos Alivu
B55: catégorie | C55: Clos Venturi
B56: catégorie | C56: Clos Marfisi
B57: catégorie | C57: Domaine Comte Abbatucci
B58: catégorie | C58: Clos Capitoro
B59: catégorie | C59: Domaine Peraldi
... B410: catégorie | C410: Château de Teste

Sheet LA BIBLE
A1: Membre de SDC | B1: Catégorie | C1: Château / Entreprise | D1: Statut de la demande | E1: Pôle concerné | F1: Prénom | G1: Nom | H1: Région | I1: Mail | J1: Poste | K1: Téléphone | L1: Nombre de bouteilles | M1: Logistique | N1: Suivi des étapes | O1: Contexte de la demande/commentaires | P1: Région/Appellation | Q1: Aspect RSE | R1: Possible de démarcher à nouveau ? | S1: Si oui, quel type ?
A2: Arnaud | B2: Démarchage financier | C2: Cabinet Julhiet Sterwen | D2: Contacté, en discussions | E2: Défi de Bacchus | F2: Ludivine | G2: Toutounji (contact de l'emlyon en attendant qu'elle nous transmette au contact du cabinet) | I2: toutounji@em-lyon.com | J2: Directrice adjointe en charge des partenariats entreprises | O2: La responsable des relations exterieurs de l'em nous a informé de l'interet du cabinet d'apporter un soutien financier à l'asso d'oenologie de l'école
A3: Antoine/Cédric | B3: Démarchage en nature | C3: Château André Ziltener | D3: Contacté, sans réponse | E3: Défi de Bacchus
A4: Antoine/Cédric | B4: Démarchage en nature | C4: Domaine Alain Zorninger | D4: Contacté, sans réponse | E4: Défi de Bacchus
A5: Antoine/Cédric | B5: Démarchage en nature | C5: Domaine Pascal Bonhomme | D5: Contacté, sans réponse | E5: Défi de Bacchus
A6: Antoine/Cédric | B6: Démarchage en nature | C6: Domaine de Naisse - Brenot Béranger | D6: Contacté, sans réponse | E6: Défi de Bacchus
A7: Antoine/Cédric | B7: Démarchage en nature | C7: Cave de la Vigne Blanche | D7: Contacté, sans réponse | E7: Défi de Bacchus
A8: Antoine/Cédric | B8: Démarchage en nature | C8: Cave de Viré | D8: Contacté, sans réponse | E8: Défi de Bacchus
A9: Antoine/Cédric | B9: Démarchage en nature | C9: Marchand tawse | D9: Contacté, sans réponse | E9: Défi de Bacchus
A10: Antoine/Cédric | B10: Démarchage en nature | C10: Domaine Frantz Chagnoleau | D10: Contacté, sans réponse | E10: Défi de Bacchus
A11: Antoine/Cédric | B11: Démarchage en nature | C11: Olivier Leflaive | D11: Validé | E11: Défi de Bacchus | L11: 6 | M11: Récupérées par Allan | N11: 6 bouteilles
A12: Antoine/Cédric | B12: Démarchage en nature | C12: Domaine Sainte-Barbe | D12: Contacté, sans réponse | E12: Défi de Bacchus
A13: Antoine/Cédric | B13: Démarchage en nature | C13: Domaine Les Fauvettes | D13: Contacté, sans réponse | E13: Défi de Bacchus
A14: Antoine/Cédric | B14: Démarchage en nature | C14: Domaine Cordier | D14: Contacté, sans réponse | E14: Défi de Bacchus
A15: Antoine/Cédric | B15: Démarchage en nature | C15: Domaine des Gandines | D15: Contacté, sans réponse | E15: Défi de Bacchus
A16: Antoine/Cédric | B16: Démarchage en nature | C16: Domaine Edouard Delaunay | D16: Contacté, sans réponse | E16: Défi de Bacchus
A17: Antoine/Cédric | B17: Démarchage en nature | C17: Domaine du Mortier | D17: Contacté, sans réponse | E17: Défi de Bacchus
A18: Antoine/Cédric | B18: Démarchage en nature | C18: Chai Duchet | D18: Contacté, sans réponse | E18: Défi de Bacchus
A19: Antoine/Cédric | B19: Démarchage en nature | C19: Domaine Le Virolys | D19: Contacté, sans réponse | E19: Défi de Bacchus
A20: Antoine/Cédric | B20: Démarchage en nature | C20: Domaine Gondard-Perrin | D20: Contacté, sans réponse | E20: Défi de Bacchus
A21: Antoine/Cédric | B21: Démarchage en nature | C21: Domaine Lucie et Stéphane Guillemin. | D21: Contacté, sans réponse | E21: Défi de Bacchus
A22: Antoine/Cédric | B22: Démarchage en nature | C22: Domaine Mee Godard | D22: Validé | E22: Défi de Bacchus | L22: 3 | M22: Récupérées par Allan | N22: 3 bouteilles | R22: Non
A23: Antoine/Cédric | B23: Démarchage en nature | C23: Château de Pibarnon | D23: Contacté, refus | E23: Défi de Bacchus
A24: Antoine/Cédric | B24: Démarchage en nature | C24: Domaine La Borderie | D24: Contacté, refus | E24: Défi de Bacchus
A25: Antoine/Cédric | B25: Démarchage en nature | C25: le Domaine Ostertag | D25: Contacté, refus | E25: Défi de Bacchus
A26: Antoine/Cédric | B26: Démarchage en nature | C26: le Clos Triguedina | D26: Contacté, refus | E26: Défi de Bacchus
A27: Antoine/Cédric | B27: Démarchage en nature | C27: Château du Cèdre | D27: Validé | E27: Défi de Bacchus | L27: 3 | M27: Récupérées par Allan | N27: 3 bouteilles | R27: Non
A28: Antoine/Cédric | B28: Démarchage en nature | C28: De Peres | D28: Contacté, refus | E28: Défi de Bacchus
A29: Antoine/Cédric | B29: Démarchage en nature | C29: Domaine Wengier | D29: Validé | E29: Défi de Bacchus | L29: 6 | M29: Récupérées par Jeanne | N29: 6 bouteilles | R29: Oui
A30: Antoine/Cédric | B30: Démarchage en nature | C30: Les Roques de Cana | D30: Validé | E30: Défi de Bacchus | L30: 6 | M30: Récupérées par Allan | N30: 6 bouteilles
A31: Antoine/Cédric | B31: Démarchage en nature | C31: Vignoble Angst | D31: Contacté, refus | E31: Défi de Bacchus
A32: Antoine/Cédric | B32: Démarchage en nature | C32: Amandine Scarone | D32: Contacté, sans réponse | E32: Défi de Bacchus
A33: Antoine/Cédric | B33: Démarchage en nature | C33: Ampelide | D33: Contacté, sans réponse | E33: Défi de Bacchus
A34: Antoine/Cédric | B34: Démarchage en nature | C34: Amphore De Beausoleil | D34: Contacté, sans réponse | E34: Défi de Bacchus
A35: Antoine/Cédric | B35: Démarchage en nature | C35: Angueiroun Sélections | D35: Contacté, sans réponse | E35: Défi de Bacchus
A36: Antoine/Cédric | B36: Démarchage en nature | C36: Annibals Sas | D36: Contacté, sans réponse | E36: Défi de Bacchus
A37: Antoine/Cédric | B37: Démarchage en nature | C37: Anthony Mati | D37: Contacté, sans réponse | E37: Défi de Bacchus
A38: Antoine/Cédric | B38: Démarchage en nature | C38: Aquadro Delphine | D38: Contacté, sans réponse | E38: Défi de Bacchus
A39: Antoine/Cédric | B39: Démarchage en nature | C39: Azur Wine Selection | D39: Contacté, sans réponse | E39: Défi de Bacchus
A40: Antoine/Cédric | B40: Démarchage en nature | C40: Bagarry - Gueguen | D40: Contacté, sans réponse | E40: Défi de Bacchus
A41: Antoine/Cédric | B41: Démarchage en nature | C41: Baratonne | D41: Contacté, sans réponse | E41: Défi de Bacchus
A42: Antoine/Cédric | B42: Démarchage en nature | C42: Barthes Diffusion | D42: Contacté, sans réponse | E42: Défi de Bacchus
... A47: Antoine/Cédric | B47: Démarchage en nature | C47: Bastide Des Deux Lunes | D47: Contacté, sans réponse | E47: Défi de Bacchus
A48: Antoine/Cédric | B48: Démarchage en nature | C48: 1. Château BATAILLEY – Pauillac | D48: Contacté, sans réponse | E48: Défi de Bacchus | G48: Mél général | I48: domaines@borie-manoux.fr
A49: Antoine/Cédric | B49: Démarchage en nature | C49: 2. Château HAUT-BATAILLEY – Pauillac | D49: Contacté, sans réponse | E49: Défi de Bacchus | G49: Mél général | I49: hlefranc@jmcazes.com
A50: Antoine/Cédric | B50: Démarchage en nature | C50: 3. Château GRAND-PUY-LACOSTE – Pauillac | D50: Contacté, sans réponse | E50: Défi de Bacchus | F50: Borie | G50: Mél général | I50: dfxb@domainesfxborie.com
A51: Antoine/Cédric | B51: Démarchage en nature | C51: 4. Château GRAND-PUY DUCASSE – Pauillac | D51: Contacté, sans réponse | E51: Défi de Bacchus | G51: Mél général | I51: contact@cagrandscrus.fr
A52: Antoine/Cédric | B52: Démarchage en nature | C52: 5. Château LYNCH-BAGES – Pauillac | D52: Contacté, refus | E52: Défi de Bacchus | F52: Leray | G52: Mél général ; Respo | I52: contact@lynchbages.com ; ileray@jmczes.com
A53: Antoine/Cédric | B53: Démarchage en nature | C53: 6. Château LYNCH-MOUSSAS – Pauillac | D53: Contacté, sans réponse | E53: Défi de Bacchus | G53: Mél général ; Respo | I53: documentation@borie-manoux.fr
A54: Antoine/Cédric | B54: Démarchage en nature | C54: 7. Château DAUZAC – Margaux | D54: Contacté, sans réponse | E54: Défi de Bacchus | G54: Mél général | I54: contact@chateaudauzac.com
A55: Antoine/Cédric | B55: Démarchage en nature | C55: 8. Château d’ARMAILHAC – Pauillac | D55: Contacté, sans réponse | E55: Défi de Bacchus | G55: Mél général ; assistante de direction | I55: webmaster@bpdr.com
A56: Antoine/Cédric | B56: Démarchage en nature | C56: 9. Château du TERTRE – Margaux | D56: Contacté, sans réponse | E56: Défi de Bacchus | G56: Assistant de direction | I56: reservations@chateaudutertre.fr
A57: Antoine/Cédric | B57: Démarchage en nature | C57: 10. Château HAUT-BAGES LIBÉRAL – Pauillac | D57: Contacté, sans réponse | E57: Défi de Bacchus | G57: Mél général ; assistante de direction | I57: boutique@hautbagesliberal.com ; infos@ferriere.com
A58: Antoine/Cédric | B58: Démarchage en nature | C58: 11. Château PÉDESCLAUX – Pauillac | D58: Validé | E58: Défi de Bacchus | F58: Ceres | G58: mél général | I58: contact@chateau-pedesclaux.com | L58: 6 | M58: Récupérées par Allan | N58: 6 bouteilles Château Lilian Ladouys 2018, 2 bouteilles Château Pédesclaux | R58: Non
A59: Antoine/Cédric | B59: Démarchage en nature | C59: 12. Château BELGRAVE – Haut-Médoc | D59: Contacté, sans réponse | E59: Défi de Bacchus | G59: mél général | I59: accueil@arvitis.com ; à l'attention de Dourthe
A60: Antoine/Cédric | B60: Démarchage en nature | C60: 13. Château de CAMENSAC – Haut-Médoc | D60: Contacté, sans réponse | E60: Défi de Bacchus
A61: Antoine/Cédric | B61: Démarchage en nature | C61: 14. Château COS LABORY – Saint-Estèphe | D61: Contacté, sans réponse | E61: Défi de Bacchus | G61: mél général | I61: contact@cos-labory.com
A62: Antoine/Cédric | B62: Démarchage en nature | C62: 15. Château CLERC MILON – Pauillac | D62: Contacté, sans réponse | E62: Défi de Bacchus | G62: mél général ; directrice du Château | I62: caroline artaud cartaud@bphr.com
A63: Antoine/Cédric | B63: Démarchage en nature | C63: 16. Château CROIZET-BAGES – Pauillac | D63: Contacté, sans réponse | E63: Défi de Bacchus | F63: Pesenti | G63: mél général | I63: contact@domaines-quie.com
A64: Antoine/Cédric | B64: Démarchage en nature | C64: 17. Château CANTEMERLE – Haut-Médoc | D64: Validé | E64: Défi de Bacchus | G64: mél général | I64: cantemerle@cantemerle.com | L64: 4 | M64: Récupérées par Allan | N64: 4 bouteilles de Château Grand Corbin 2016, 2 bouteilles Château Cantemerle | R64: Non
A65: Antoine/Cédric | B65: Démarchage en nature | C65: 18. Château d’Yquem, Sauternes, AOC Sauternes | D65: Contacté, sans réponse | E65: Défi de Bacchus | G65: mél général | I65: contact@yquem.fr
A66: Antoine/Cédric | B66: Démarchage en nature | C66: 19. Château LA TOUR BLANCHE – Sauternes | D66: Contacté, sans réponse | E66: Défi de Bacchus | G66: mél général | I66: tour-blanche@tour-blanche.com
A67: Antoine/Cédric | B67: Démarchage en nature | C67: 20. Château LAFAURIE-PEYRAGUEY – Sauternes | D67: Contacté, sans réponse | E67: Défi de Bacchus | G67: mél général | I67: info@vignobles-silvio-denz.com
A68: Antoine/Cédric | B68: Démarchage en nature | C68: 21. Clos HAUT-PEYRAGUEY – Sauternes | D68: Contacté, sans réponse | E68: Défi de Bacchus | G68: mél général | I68: accueil@pape-clément.com
A69: Antoine/Cédric | B69: Démarchage en nature | C69: 22. Château de RAYNE VIGNEAU – Sauternes | D69: Contacté, sans réponse | E69: Défi de Bacchus
A70: Antoine/Cédric | B70: Démarchage en nature | C70: Chateau Laroque | D70: Contacté, refus | E70: Défi de Bacchus
A71: Antoine/Cédric | B71: Démarchage en nature | C71: Bastide Des Terres Blanches | D71: Contacté, sans réponse | E71: Défi de Bacchus
A72: Antoine/Cédric | B72: Démarchage en nature | C72: Benoit Chapelle | D72: Contacté, sans réponse | E72: Défi de Bacchus
A73: Antoine/Cédric | B73: Démarchage en nature | C73: Berli | D73: Contacté, sans réponse | E73: Défi de Bacchus
A74: Antoine/Cédric | B74: Démarchage en nature | C74: Bois Des Demoiselles | D74: Contacté, sans réponse | E74: Défi de Bacchus
A75: Antoine/Cédric | B75: Démarchage en nature | C75: Luneau Papin | D75: Contacté, refus | E75: Défi de Bacchus
A76: Antoine/Cédric | B76: Démarchage en nature | C76: Castel Freres | D76: Contacté, sans réponse | E76: Défi de Bacchus
A77: Antoine/Cédric | B77: Démarchage en nature | C77: Castel Frères Béziers | D77: Contacté, sans réponse | E77: Défi de Bacchus
A78: Antoine/Cédric | B78: Démarchage en nature | C78: Castel Freres Blanquefort | D78: Contacté, sans réponse | E78: Défi de Bacchus
A79: Antoine/Cédric | B79: Démarchage en nature | C79: Castel Frères Saint Priest | D79: Contacté, sans réponse | E79: Défi de Bacchus
A80: Antoine/Cédric | B80: Démarchage en nature | C80: Castel Frères Thiais | D80: Contacté, sans réponse | E80: Défi de Bacchus
A81: Antoine/Cédric | B81: Démarchage en nature | C81: Chateau Suduiraut – Sauternes | D81: Contacté, sans réponse | E81: Défi de Bacchus | I81: contact@suduiraut.com
A82: Antoine/Cédric | B82: Démarchage en nature | C82: Chateau Coutet – Barsac | D82: Contacté, sans réponse | E82: Défi de Bacchus | I82: info@chateaucoutet.com
A83: Antoine/Cédric | B83: Démarchage en nature | C83: Château Climens – Barsac | D83: Contacté, sans réponse | E83: Défi de Bacchus | I83: contact@chateau-climens.fr
A84: Antoine/Cédric | B84: Démarchage en nature | C84: Chateau Guiraud – Sauternes | D84: Contacté, sans réponse | E84: Défi de Bacchus | I84: accueil@chateauguiraud.com
A85: Antoine/Cédric | B85: Démarchage en nature | C85: Chateau Rieussec – Sauternes | D85: Contacté, sans réponse | E85: Défi de Bacchus | I85: rieussec@lafite.com
A86: Antoine/Cédric | B86: Démarchage en nature | C86: Chateau Rabaud-Promis – Sauternes | D86: Contacté, sans réponse | E86: Défi de Bacchus | I86: contact@rabaud-promis.com
A87: Antoine/Cédric | B87: Démarchage en nature | C87: Chateau Sigalas Rabaud – Sauternes | D87: Contacté, sans réponse | E87: Défi de Bacchus | I87: chateausigalasrabaud@gmail.com
A88: Antoine/Cédric | B88: Démarchage en nature | C88: Chateau de Myrat – Barsac | D88: Contacté, sans réponse | E88: Défi de Bacchus | I88: myrat@chateaudemyrat.fr
A89: Antoine/Cédric | B89: Démarchage en nature | C89: Chateau Doisy Daëne – Barsac | D89: Contacté, sans réponse | E89: Défi de Bacchus | I89: contact@denisdubourdieu.fr
A90: Antoine/Cédric | B90: Démarchage en nature | C90: Chateau Doisy-Dubroca – Barsac | D90: Contacté, sans réponse | E90: Défi de Bacchus | I90: contact@denisdubourdieu.fr
A91: Antoine/Cédric | B91: Démarchage en nature | C91: Chateau Doisy-Védrines – Barsac | D91: Contacté, sans réponse | E91: Défi de Bacchus | I91: doisy-vedrines@orange.fr
A92: Antoine/Cédric | B92: Démarchage en nature | C92: Chateau d'Arche – Sauternes | D92: Contacté, refus | E92: Défi de Bacchus | I92: reservation@chateau-arche.com
A93: Antoine/Cédric | B93: Démarchage en nature | C93: Chateau Filhot – Sauternes | D93: Contacté, sans réponse | E93: Défi de Bacchus | I93: filhot@filhot.com
A94: Antoine/Cédric | B94: Démarchage en nature | C94: Chateau Broustet – Barsac | D94: Contacté, sans réponse | E94: Défi de Bacchus
A95: Antoine/Cédric | B95: Démarchage en nature | C95: Chateau Nairac – Barsac | D95: Contacté, sans réponse | E95: Défi de Bacchus | I95: contact@chateaunairac.com
A96: Antoine/Cédric | B96: Démarchage en nature | C96: Chateau Caillou – Barsac | D96: Contacté, sans réponse | E96: Défi de Bacchus | I96: contact@chateaucaillou.com
A97: Antoine/Cédric | B97: Démarchage en nature | C97: Chateau Suau – Barsac | D97: Contacté, sans réponse | E97: Défi de Bacchus | I97: contact@chateausuau.com
A98: Antoine/Cédric | B98: Démarchage en nature | C98: Chateau de Malle – Sauternes | D98: Contacté, sans réponse | E98: Défi de Bacchus
A99: Antoine/Cédric | B99: Démarchage en nature | C99: Chateau de Romer du Hayot – Sauternes | D99: Contacté, sans réponse | E99: Défi de Bacchus
A100: Antoine/Cédric | B100: Démarchage en nature | C100: Chateau Romer – Sauternes | D100: Contacté, sans réponse | E100: Défi de Bacchus | I100: vins@janoueixfrancois.com
A101: Antoine/Cédric | B101: Démarchage en nature | C101: Chateau Lamothe – Sauternes | D101: Contacté, sans réponse | E101: Défi de Bacchus | I101: info@chateau-lamothe.com
A102: Antoine/Cédric | B102: Démarchage en nature | C102: Chateau Lamothe-Guignard – Sauternes | D102: Contacté, sans réponse | E102: Défi de Bacchus | I102: contact@chateau-lamothe-guignard.com
A103: Antoine/Cédric | B103: Démarchage en nature | C103: Chateau Langoa Barton – Saint-Julien | D103: Contacté, sans réponse | E103: Défi de Bacchus | I103: chateau@barton-family-wines.com
A104: Antoine/Cédric | B104: Démarchage en nature | C104: Chateau Giscours – Margaux | D104: Contacté, refus | E104: Défi de Bacchus | I104: l.bastard@chateau-giscours.com
...

Sheet Feuille 2
A1: Membre de SDC | B1: Catégorie | C1: Château / Entreprise | D1: Statut de la demande | E1: Pôle concerné | F1: Prénom | G1: Nom | H1: Région | I1: Mail | J1: Poste | K1: Téléphone | L1: Nombre de bouteilles | M1: Logistique | N1: Suivi des étapes | O1: Contexte de la demande/commentaires | P1: Région/Appellation | Q1: Aspect RSE | R1: Possible de démarcher à nouveau ? | S1: Si oui, quel type ?
A2: Arnaud | B2: Démarchage financier | C2: Cabinet Julhiet Sterwen | D2: Contacté, en discussions | E2: Défi de Bacchus | F2: Ludivine | G2: Toutounji (contact de l'emlyon en attendant qu'elle nous transmette au contact du cabinet) | I2: toutounji@em-lyon.com | J2: Directrice adjointe en charge des partenariats entreprises | O2: La responsable des relations exterieurs de l'em nous a informé de l'interet du cabinet d'apporter un soutien financier à l'asso d'oenologie de l'école
A3: Antoine/Cédric | B3: Démarchage en nature | C3: Château André Ziltener | D3: Contacté, sans réponse | E3: Défi de Bacchus
A4: Antoine/Cédric | B4: Démarchage en nature | C4: Domaine Alain Zorninger | D4: Contacté, sans réponse | E4: Défi de Bacchus
A5: Antoine/Cédric | B5: Démarchage en nature | C5: Domaine Pascal Bonhomme | D5: Contacté, sans réponse | E5: Défi de Bacchus
A6: Antoine/Cédric | B6: Démarchage en nature | C6: Domaine de Naisse - Brenot Béranger | D6: Contacté, sans réponse | E6: Défi de Bacchus
A7: Antoine/Cédric | B7: Démarchage en nature | C7: Cave de la Vigne Blanche | D7: Contacté, sans réponse | E7: Défi de Bacchus
A8: Antoine/Cédric | B8: Démarchage en nature | C8: Cave de Viré | D8: Contacté, sans réponse | E8: Défi de Bacchus
A9: Antoine/Cédric | B9: Démarchage en nature | C9: Marchand tawse | D9: Contacté, sans réponse | E9: Défi de Bacchus
A10: Antoine/Cédric | B10: Démarchage en nature | C10: Domaine Frantz Chagnoleau | D10: Contacté, sans réponse | E10: Défi de Bacchus
A11: Antoine/Cédric | B11: Démarchage en nature | C11: Olivier Leflaive | D11: Validé | E11: Défi de Bacchus | L11: 6 | M11: Récupérées par Allan | N11: 6 bouteilles
A12: Antoine/Cédric | B12: Démarchage en nature | C12: Domaine Sainte-Barbe | D12: Contacté, sans réponse | E12: Défi de Bacchus
A13: Antoine/Cédric | B13: Démarchage en nature | C13: Domaine Les Fauvettes | D13: Contacté, sans réponse | E13: Défi de Bacchus
A14: Antoine/Cédric | B14: Démarchage en nature | C14: Domaine Cordier | D14: Contacté, sans réponse | E14: Défi de Bacchus
A15: Antoine/Cédric | B15: Démarchage en nature | C15: Domaine des Gandines | D15: Contacté, sans réponse | E15: Défi de Bacchus
A16: Antoine/Cédric | B16: Démarchage en nature | C16: Domaine Edouard Delaunay | D16: Contacté, sans réponse | E16: Défi de Bacchus
A17: Antoine/Cédric | B17: Démarchage en nature | C17: Domaine du Mortier | D17: Contacté, sans réponse | E17: Défi de Bacchus
A18: Antoine/Cédric | B18: Démarchage en nature | C18: Chai Duchet | D18: Contacté, sans réponse | E18: Défi de Bacchus
A19: Antoine/Cédric | B19: Démarchage en nature | C19: Domaine Le Virolys | D19: Contacté, sans réponse | E19: Défi de Bacchus
A20: Antoine/Cédric | B20: Démarchage en nature | C20: Domaine Gondard-Perrin | D20: Contacté, sans réponse | E20: Défi de Bacchus
A21: Antoine/Cédric | B21: Démarchage en nature | C21: Domaine Lucie et Stéphane Guillemin. | D21: Contacté, sans réponse | E21: Défi de Bacchus
A22: Antoine/Cédric | B22: Démarchage en nature | C22: Domaine Mee Godard | D22: Validé | E22: Défi de Bacchus | L22: 3 | M22: Récupérées par Allan | N22: 3 bouteilles | R22: Non
A23: Antoine/Cédric | B23: Démarchage en nature | C23: Château de Pibarnon | D23: Contacté, refus | E23: Défi de Bacchus
A24: Antoine/Cédric | B24: Démarchage en nature | C24: Domaine La Borderie | D24: Contacté, refus | E24: Défi de Bacchus
A25: Antoine/Cédric | B25: Démarchage en nature | C25: le Domaine Ostertag | D25: Contacté, refus | E25: Défi de Bacchus
A26: Antoine/Cédric | B26: Démarchage en nature | C26: le Clos Triguedina | D26: Contacté, refus | E26: Défi de Bacchus
A27: Antoine/Cédric | B27: Démarchage en nature | C27: Château du Cèdre | D27: Validé | E27: Défi de Bacchus | L27: 3 | M27: Récupérées par Allan | N27: 3 bouteilles | R27: Non
A28: Antoine/Cédric | B28: Démarchage en nature | C28: De Peres | D28: Contacté, refus | E28: Défi de Bacchus
A29: Antoine/Cédric | B29: Démarchage en nature | C29: Domaine Wengier | D29: Validé | E29: Défi de Bacchus | L29: 6 | M29: Récupérées par Jeanne | N29: 6 bouteilles | R29: Oui
A30: Antoine/Cédric | B30: Démarchage en nature | C30: Les Roques de Cana | D30: Validé | E30: Défi de Bacchus | L30: 6 | M30: Récupérées par Allan | N30: 6 bouteilles
A31: Antoine/Cédric | B31: Démarchage en nature | C31: Vignoble Angst | D31: Contacté, refus | E31: Défi de Bacchus
A32: Antoine/Cédric | B32: Démarchage en nature | C32: Amandine Scarone | D32: Contacté, sans réponse | E32: Défi de Bacchus
A33: Antoine/Cédric | B33: Démarchage en nature | C33: Ampelide | D33: Contacté, sans réponse | E33: Défi de Bacchus
A34: Antoine/Cédric | B34: Démarchage en nature | C34: Amphore De Beausoleil | D34: Contacté, sans réponse | E34: Défi de Bacchus
A35: Antoine/Cédric | B35: Démarchage en nature | C35: Angueiroun Sélections | D35: Contacté, sans réponse | E35: Défi de Bacchus
A36: Antoine/Cédric | B36: Démarchage en nature | C36: Annibals Sas | D36: Contacté, sans réponse | E36: Défi de Bacchus
A37: Antoine/Cédric | B37: Démarchage en nature | C37: Anthony Mati | D37: Contacté, sans réponse | E37: Défi de Bacchus
A38: Antoine/Cédric | B38: Démarchage en nature | C38: Aquadro Delphine | D38: Contacté, sans réponse | E38: Défi de Bacchus
A39: Antoine/Cédric | B39: Démarchage en nature | C39: Azur Wine Selection | D39: Contacté, sans réponse | E39: Défi de Bacchus
A40: Antoine/Cédric | B40: Démarchage en nature | C40: Bagarry - Gueguen | D40: Contacté, sans réponse | E40: Défi de Bacchus
A41: Antoine/Cédric | B41: Démarchage en nature | C41: Baratonne | D41: Contacté, sans réponse | E41: Défi de Bacchus
A42: Antoine/Cédric | B42: Démarchage en nature | C42: Barthes Diffusion | D42: Contacté, sans réponse | E42: Défi de Bacchus
... A47: Antoine/Cédric | B47: Démarchage en nature | C47: Bastide Des Deux Lunes | D47: Contacté, sans réponse | E47: Défi de Bacchus
A48: Antoine/Cédric | B48: Démarchage en nature | C48: 1. Château BATAILLEY – Pauillac | D48: Contacté, sans réponse | E48: Défi de Bacchus | G48: Mél général | I48: domaines@borie-manoux.fr
A49: Antoine/Cédric | B49: Démarchage en nature | C49: 2. Château HAUT-BATAILLEY – Pauillac | D49: Contacté, sans réponse | E49: Défi de Bacchus | G49: Mél général | I49: hlefranc@jmcazes.com
A50: Antoine/Cédric | B50: Démarchage en nature | C50: 3. Château GRAND-PUY-LACOSTE – Pauillac | D50: Contacté, sans réponse | E50: Défi de Bacchus | F50: Borie | G50: Mél général | I50: dfxb@domainesfxborie.com
A51: Antoine/Cédric | B51: Démarchage en nature | C51: 4. Château GRAND-PUY DUCASSE – Pauillac | D51: Contacté, sans réponse | E51: Défi de Bacchus | G51: Mél général | I51: contact@cagrandscrus.fr
A52: Antoine/Cédric | B52: Démarchage en nature | C52: 5. Château LYNCH-BAGES – Pauillac | D52: Contacté, refus | E52: Défi de Bacchus | F52: Leray | G52: Mél général ; Respo | I52: contact@lynchbages.com ; ileray@jmczes.com
A53: Antoine/Cédric | B53: Démarchage en nature | C53: 6. Château LYNCH-MOUSSAS – Pauillac | D53: Contacté, sans réponse | E53: Défi de Bacchus | G53: Mél général ; Respo | I53: documentation@borie-manoux.fr
A54: Antoine/Cédric | B54: Démarchage en nature | C54: 7. Château DAUZAC – Margaux | D54: Contacté, sans réponse | E54: Défi de Bacchus | G54: Mél général | I54: contact@chateaudauzac.com
A55: Antoine/Cédric | B55: Démarchage en nature | C55: 8. Château d’ARMAILHAC – Pauillac | D55: Contacté, sans réponse | E55: Défi de Bacchus | G55: Mél général ; assistante de direction | I55: webmaster@bpdr.com
A56: Antoine/Cédric | B56: Démarchage en nature | C56: 9. Château du TERTRE – Margaux | D56: Contacté, sans réponse | E56: Défi de Bacchus | G56: Assistant de direction | I56: reservations@chateaudutertre.fr
A57: Antoine/Cédric | B57: Démarchage en nature | C57: 10. Château HAUT-BAGES LIBÉRAL – Pauillac | D57: Contacté, sans réponse | E57: Défi de Bacchus | G57: Mél général ; assistante de direction | I57: boutique@hautbagesliberal.com ; infos@ferriere.com
A58: Antoine/Cédric | B58: Démarchage en nature | C58: 11. Château PÉDESCLAUX – Pauillac | D58: Validé | E58: Défi de Bacchus | F58: Ceres | G58: mél général | I58: contact@chateau-pedesclaux.com | L58: 6 | M58: Récupérées par Allan | N58: 6 bouteilles Château Lilian Ladouys 2018, 2 bouteilles Château Pédesclaux | R58: Non
A59: Antoine/Cédric | B59: Démarchage en nature | C59: 12. Château BELGRAVE – Haut-Médoc | D59: Contacté, sans réponse | E59: Défi de Bacchus | G59: mél général | I59: accueil@arvitis.com ; à l'attention de Dourthe
A60: Antoine/Cédric | B60: Démarchage en nature | C60: 13. Château de CAMENSAC – Haut-Médoc | D60: Contacté, sans réponse | E60: Défi de Bacchus
A61: Antoine/Cédric | B61: Démarchage en nature | C61: 14. Château COS LABORY – Saint-Estèphe | D61: Contacté, sans réponse | E61: Défi de Bacchus | G61: mél général | I61: contact@cos-labory.com
A62: Antoine/Cédric | B62: Démarchage en nature | C62: 15. Château CLERC MILON – Pauillac | D62: Contacté, sans réponse | E62: Défi de Bacchus | G62: mél général ; directrice du Château | I62: caroline artaud cartaud@bphr.com
A63: Antoine/Cédric | B63: Démarchage en nature | C63: 16. Château CROIZET-BAGES – Pauillac | D63: Contacté, sans réponse | E63: Défi de Bacchus | F63: Pesenti | G63: mél général | I63: contact@domaines-quie.com
A64: Antoine/Cédric | B64: Démarchage en nature | C64: 17. Château CANTEMERLE – Haut-Médoc | D64: Validé | E64: Défi de Bacchus | G64: mél général | I64: cantemerle@cantemerle.com | L64: 4 | M64: Récupérées par Allan | N64: 4 bouteilles de Château Grand Corbin 2016, 2 bouteilles Château Cantemerle | R64: Non
A65: Antoine/Cédric | B65: Démarchage en nature | C65: 18. Château d’Yquem, Sauternes, AOC Sauternes | D65: Contacté, sans réponse | E65: Défi de Bacchus | G65: mél général | I65: contact@yquem.fr
A66: Antoine/Cédric | B66: Démarchage en nature | C66: 19. Château LA TOUR BLANCHE – Sauternes | D66: Contacté, sans réponse | E66: Défi de Bacchus | G66: mél général | I66: tour-blanche@tour-blanche.com
A67: Antoine/Cédric | B67: Démarchage en nature | C67: 20. Château LAFAURIE-PEYRAGUEY – Sauternes | D67: Contacté, sans réponse | E67: Défi de Bacchus | G67: mél général | I67: info@vignobles-silvio-denz.com
A68: Antoine/Cédric | B68: Démarchage en nature | C68: 21. Clos HAUT-PEYRAGUEY – Sauternes | D68: Contacté, sans réponse | E68: Défi de Bacchus | G68: mél général | I68: accueil@pape-clément.com
A69: Antoine/Cédric | B69: Démarchage en nature | C69: 22. Château de RAYNE VIGNEAU – Sauternes | D69: Contacté, sans réponse | E69: Défi de Bacchus
A70: Antoine/Cédric | B70: Démarchage en nature | C70: Chateau Laroque | D70: Contacté, refus | E70: Défi de Bacchus
A71: Antoine/Cédric | B71: Démarchage en nature | C71: Bastide Des Terres Blanches | D71: Contacté, sans réponse | E71: Défi de Bacchus
A72: Antoine/Cédric | B72: Démarchage en nature | C72: Benoit Chapelle | D72: Contacté, sans réponse | E72: Défi de Bacchus
A73: Antoine/Cédric | B73: Démarchage en nature | C73: Berli | D73: Contacté, sans réponse | E73: Défi de Bacchus
A74: Antoine/Cédric | B74: Démarchage en nature | C74: Bois Des Demoiselles | D74: Contacté, sans réponse | E74: Défi de Bacchus
A75: Antoine/Cédric | B75: Démarchage en nature | C75: Luneau Papin | D75: Contacté, refus | E75: Défi de Bacchus
A76: Antoine/Cédric | B76: Démarchage en nature | C76: Castel Freres | D76: Contacté, sans réponse | E76: Défi de Bacchus
A77: Antoine/Cédric | B77: Démarchage en nature | C77: Castel Frères Béziers | D77: Contacté, sans réponse | E77: Défi de Bacchus
A78: Antoine/Cédric | B78: Démarchage en nature | C78: Castel Freres Blanquefort | D78: Contacté, sans réponse | E78: Défi de Bacchus
A79: Antoine/Cédric | B79: Démarchage en nature | C79: Castel Frères Saint Priest | D79: Contacté, sans réponse | E79: Défi de Bacchus
A80: Antoine/Cédric | B80: Démarchage en nature | C80: Castel Frères Thiais | D80: Contacté, sans réponse | E80: Défi de Bacchus
A81: Antoine/Cédric | B81: Démarchage en nature | C81: Chateau Suduiraut – Sauternes | D81: Contacté, sans réponse | E81: Défi de Bacchus | I81: contact@suduiraut.com
A82: Antoine/Cédric | B82: Démarchage en nature | C82: Chateau Coutet – Barsac | D82: Contacté, sans réponse | E82: Défi de Bacchus | I82: info@chateaucoutet.com
A83: Antoine/Cédric | B83: Démarchage en nature | C83: Château Climens – Barsac | D83: Contacté, sans réponse | E83: Défi de Bacchus | I83: contact@chateau-climens.fr
A84: Antoine/Cédric | B84: Démarchage en nature | C84: Chateau Guiraud – Sauternes | D84: Contacté, sans réponse | E84: Défi de Bacchus | I84: accueil@chateauguiraud.com
A85: Antoine/Cédric | B85: Démarchage en nature | C85: Chateau Rieussec – Sauternes | D85: Contacté, sans réponse | E85: Défi de Bacchus | I85: rieussec@lafite.com
A86: Antoine/Cédric | B86: Démarchage en nature | C86: Chateau Rabaud-Promis – Sauternes | D86: Contacté, sans réponse | E86: Défi de Bacchus | I86: contact@rabaud-promis.com
A87: Antoine/Cédric | B87: Démarchage en nature | C87: Chateau Sigalas Rabaud – Sauternes | D87: Contacté, sans réponse | E87: Défi de Bacchus | I87: chateausigalasrabaud@gmail.com
A88: Antoine/Cédric | B88: Démarchage en nature | C88: Chateau de Myrat – Barsac | D88: Contacté, sans réponse | E88: Défi de Bacchus | I88: myrat@chateaudemyrat.fr
A89: Antoine/Cédric | B89: Démarchage en nature | C89: Chateau Doisy Daëne – Barsac | D89: Contacté, sans réponse | E89: Défi de Bacchus | I89: contact@denisdubourdieu.fr
A90: Antoine/Cédric | B90: Démarchage en nature | C90: Chateau Doisy-Dubroca – Barsac | D90: Contacté, sans réponse | E90: Défi de Bacchus | I90: contact@denisdubourdieu.fr
A91: Antoine/Cédric | B91: Démarchage en nature | C91: Chateau Doisy-Védrines – Barsac | D91: Contacté, sans réponse | E91: Défi de Bacchus | I91: doisy-vedrines@orange.fr
A92: Antoine/Cédric | B92: Démarchage en nature | C92: Chateau d'Arche – Sauternes | D92: Contacté, refus | E92: Défi de Bacchus | I92: reservation@chateau-arche.com
A93: Antoine/Cédric | B93: Démarchage en nature | C93: Chateau Filhot – Sauternes | D93: Contacté, sans réponse | E93: Défi de Bacchus | I93: filhot@filhot.com
A94: Antoine/Cédric | B94: Démarchage en nature | C94: Chateau Broustet – Barsac | D94: Contacté, sans réponse | E94: Défi de Bacchus
A95: Antoine/Cédric | B95: Démarchage en nature | C95: Chateau Nairac – Barsac | D95: Contacté, sans réponse | E95: Défi de Bacchus | I95: contact@chateaunairac.com
A96: Antoine/Cédric | B96: Démarchage en nature | C96: Chateau Caillou – Barsac | D96: Contacté, sans réponse | E96: Défi de Bacchus | I96: contact@chateaucaillou.com
A97: Antoine/Cédric | B97: Démarchage en nature | C97: Chateau Suau – Barsac | D97: Contacté, sans réponse | E97: Défi de Bacchus | I97: contact@chateausuau.com
A98: Antoine/Cédric | B98: Démarchage en nature | C98: Chateau de Malle – Sauternes | D98: Contacté, sans réponse | E98: Défi de Bacchus
A99: Antoine/Cédric | B99: Démarchage en nature | C99: Chateau de Romer du Hayot – Sauternes | D99: Contacté, sans réponse | E99: Défi de Bacchus
A100: Antoine/Cédric | B100: Démarchage en nature | C100: Chateau Romer – Sauternes | D100: Contacté, sans réponse | E100: Défi de Bacchus | I100: vins@janoueixfrancois.com
A101: Antoine/Cédric | B101: Démarchage en nature | C101: Chateau Lamothe – Sauternes | D101: Contacté, sans réponse | E101: Défi de Bacchus | I101: info@chateau-lamothe.com
A102: Antoine/Cédric | B102: Démarchage en nature | C102: Chateau Lamothe-Guignard – Sauternes | D102: Contacté, sans réponse | E102: Défi de Bacchus | I102: contact@chateau-lamothe-guignard.com
A103: Antoine/Cédric | B103: Démarchage en nature | C103: Chateau Langoa Barton – Saint-Julien | D103: Contacté, sans réponse | E103: Défi de Bacchus | I103: chateau@barton-family-wines.com
A104: Antoine/Cédric | B104: Démarchage en nature | C104: Chateau Giscours – Margaux | D104: Contacté, refus | E104: Défi de Bacchus | I104: l.bastard@chateau-giscours.com
...

Sheet Feuille 4
A1: Flight bulles: 2 champagnes 1 crémant
B2: Remarques
A3: Pol Roger | B3: Cuvée brut pour flight
A4: Billecart Salmon | B4: Brut, rosé, brut sous bois, blanc de blanc
A5: Louis Roederer | B5: Brut
A6: Larmandier bernier | B6: Terre de Vertus

Sheet FINALE
A1: Dom Perignon
A2: Krug | B2: Toutes les cuvées
A3: Billecart Salmon | B3: Cuvée millésimée, et le Clos Saint Hilaire en particulier
A4: Louis Roederer | B4: Cristal
A5: Pol Roger | B5: Cuvée Winston Churchill
A6: Ruinart | B6: Dom Ruinart
A7: Taittinger | B7: Comte de Champagne
A8: Dhondt Grellet | B8: Les Nogers, Le Bateau
A9: Egly Ouriet | B9: Les Crayères, Grand Cru Millésimé
A10: Jacques Selosse | B10: Toutes les cuvées
A11: Charles Heidsick | B11: Blanc des Millénaires
A12: Deutz | B12: Amour de Deutz
A13: Henri Giraud | B13: Ay fut de chene
A15: Blanc
A16: Vincent Dauvissat | B16: Chablis Grands Crus
A17: françois Raveneau | B17: Chablis Grands Crus
A18: Domaine Coche Dury | B18: Meursault 1er Cru, Corton Charlemagne
A19: Domaine des Comte lafon | B19: Meursault, Montrachet
A20: Domaine Roulot | B20: Meursault
A21: Domaine Bernard Bonin | B21: Meursault 1er Cru
A22: Domaine Arnaud Ente | B22: Meursault, Puligny Montrachet 1er Cru
A23: Domaine Bruno Colin | B23: Grand Cru
A24: Domaine Etienne Sauzet | B24: Grand Cru
A25: Domaine Pierre Yves Colin Morey | B25: Grand Cru
A26: Pierre girardin | B26: Grand Cru
A27: Domaine de la Vougeraie | B27: Corton Charlemagne
... A35: Armand Heitz | B35: Grands Crus
A37: Rouge
A38: Bordeaux
A39: Chateau Mouton Rotschild
A40: Chateau lafite Rotschild
A41: Chateau Latour
A42: Chateau Haut Brion
A43: Chateau Margaux
A44: Chateau Cheval Blanc
A45: Chateau Ausone
A46: Chateau Angelus
A47: Chateau Figeac
A48: Chateau Pavie
... A51: Bourgogne
A52: Domaine Armand Rousseau | B52: Grand Crus et Gevrey 1er Cru
A53: Domaine Georges Roumier | B53: Grands Crus et Chambolle Musigny 1er Cru
A54: Domaine jacques Frédéric Mugnier | B54: Grands Crus et Chambolle Musigny 1er Cru
A55: Domaine Mugneret Gibourg | B55: Grands Crus et Vosne Romanée 1er Cru
A56: Domaine Claude Dugat | B56: Grand Crus et Gevrey 1er Cru
A57: Domaine Dugat-Py | B57: Grands Crus
A58: Domaine Cécile Tremblay | B58: Grands Crus
A59: Domaine Arnoux Lachaux | B59: Grands Crus
A60: Domaine Anne Gros | B60: Grands Crus
A62: Rhône Nord
A63: Domaine Guigal | B63: La Mouline, la Turque, La Landonne
A64: Domaine Jean Louis Chave | B64: L'Hermitage
A65: Domaine Jamet | B65: Côte Brune
A66: Domaine Gangloff | B66: La Sereine Noire
A67: Domaine Chapoutier | B67: Le Gréal, le Méal, Le Pavillon
A68: Domaine Jaboulet | B68: La Chapelle
A70: Rhône Sud
A71: Chateau Rayas | B71: Rayas, Pignan, Fonsalette
A72: Chateau de Beaucastel | B72: Hommage à Jacques Perrin
A73: Domaine Henri Bonneau | B73: Réserve des Célestins
